Golden State Dental Group,"1601 N Long Beach Blvd, Compton, CA 90221",http://www.goldenstatedentalgroupinc.com,(6 Reviews),(310) 507-7718
Brentwood Dental Group,"11980 San Vicente Blvd Ste 660, Los Angeles, CA 90049",https://api.superpages.com/xml/search?SRC=ypintfeed&subaffiliate=DXC&PGID=e02.7182.8182845904523&SPGID=1597160885705.7174ff34&ADID=12222675&DEST=http%3A%2F%2Fwww.localdentistry.com%2Fp%2Fsuperpages%2Fbrentwood-dental-group-los-angeles-california2.html&C=Implant%20Dentistry&T=Los%20Angeles&S=CA&PH=(424)%20757-6436&FL=url&TL=off&position=0&PS=1&PI=1&Results=FEED_CLCK&uid=7174ff34-0f2c-4633-a194-b35fdb3d1e5f&REF=&IP=103.112.204.110&UserAgent=python-requests%2F2.24.0,(10 Reviews),(424) 757-6436
Western Dental,"1929 Pacific Coast Hwy Unit A, Lomita, CA 90717",https://api.superpages.com/xml/search?SRC=ypintfeed&subaffiliate=DXC&PGID=e02.7182.8182845904523&SPGID=1597160894668.15777891&ADID=11787223&DEST=http%3A%2F%2Fwww.localdentistry.com%2Fp%2Fsuperpages%2Fwestern-dental-lomita-california2.html&C=Teeth%20Whitening%20Products%20%26%20Services&T=Lomita&S=CA&PH=(310)%20626-1548&FL=url&TL=off&position=0&PS=1&PI=1&Results=FEED_CLCK&uid=15777891-8d3c-4e3c-b008-6f3a35bc2e3b&REF=&IP=103.112.204.110&UserAgent=python-requests%2F2.24.0,(1 Review),(310) 626-1548
"Frieden, Richard A DDS","6360 Wilshire Blvd Ste 506, Los Angeles, CA 90048",http://www.juliusrjonesdds.com,Be the first to review!,(323) 655-3854
"Julius R Jones, DDS","5563 W Pico Blvd, Los Angeles, CA 90019",http://www.cosmodentistryca.com,(1 Review),(323) 938-4136
Burian Joseph A DDS,"12655 W Washington Blvd, Los Angeles, CA 90066",https://ladentist.com,Be the first to review!,(310) 398-9012
"Steve Bolur, DDS/Cosmo Dentistry","12113 Santa Monica Blvd Ste 204, Los Angeles, CA 90025",http://www.darylcranondds.com,Be the first to review!,(310) 571-3000
Wilshire Smile Studio,"6200 Wilshire Blvd Ste 1609, Los Angeles, CA 90048",https://childrensdentalfunzone.com,(47 Reviews),(323) 336-8478
"Daryl Cranon, D.D.S.","1541 Crenshaw Blvd, Los Angeles, CA 90019",http://www.lasmiles.com,(6 Reviews),(323) 937-2838
Childrens Dental Fun Zone,"8525 W Pico Blvd, Los Angeles, CA 90035",https://api.superpages.com/xml/search?SRC=ypintfeed&subaffiliate=DXC&PGID=e02.7182.8182845904523&SPGID=1597160946320.6daa5927&ADID=12222675&DEST=http%3A%2F%2Fwww.localdentistry.com%2Fp%2Fsuperpages%2Fbrentwood-dental-group-los-angeles-california2.html&C=Dentists&T=Los%20Angeles&S=CA&PH=(424)%20757-6436&FL=url&TL=off&position=0&PS=1&PI=1&Results=FEED_CLCK&uid=6daa5927-4ef0-4c30-823f-57c624d65d77&REF=&IP=103.112.204.110&UserAgent=python-requests%2F2.24.0,Be the first to review!,(424) 274-3260
Alba Vasquez Dr,"6360 Wilshire Blvd, Los Angeles, CA 90048",http://www.laimplants.com,(1 Review),(323) 999-5193
Brentwood Dental Group,"11980 San Vicente Blvd Ste 660, Los Angeles, CA 90049",http://www.gr8dentistry.com,(10 Reviews),(424) 757-6436
West Los Angeles Dentistry,"11870 Santa Monica Blvd Ste 212, Los Angeles, CA 90025",http://www.drkezian.com,(46 Reviews),(310) 207-4900
Frank Laaly DDS,"528 Amalia Ave, Los Angeles, CA 90022",http://www.perfectlybrightsmiles.com,(117 Reviews),(323) 488-3366
"William Faulkner, DDS","3250 W Slauson Ave, Los Angeles, CA 90043",http://midcitydentaldds.com,(40 Reviews),(323) 292-0231
"Dr. Arthur A. Kezian, D.D.S.","443 N Larchmont Blvd, Los Angeles, CA 90004",http://www.drbruceedwardking.com,(46 Reviews),(323) 467-2777
"Philline Parreno-Banaag, DDS","2750 W Broadway # B, Los Angeles, CA 90041",http://www.socaldentalhealth.com,(34 Reviews),(323) 739-0215
Mid-City Dental,"5114 Venice Blvd, Los Angeles, CA 90019",http://www.ladentalexperts.com,(41 Reviews),(323) 634-9333
King Bruce DDS Inc,"3791 S Centinela Ave, Los Angeles, CA 90066",http://www.drkimura.com,(23 Reviews),(310) 391-0699
"Jonathan M. Engel, DDS","5901 W Olympic Blvd Ste 205, Los Angeles, CA 90036",http://www.thepremierdental.com,(218 Reviews),(323) 934-3341
LA Dental Experts,"4521 Sherman Oaks Ave. Ste 201, Los Angeles, CA 91403",https://www.airportcenterfamilydental.com,(14 Reviews),(818) 668-5008
"Robert T. Kimura, DMD, Inc.","11980 San Vicente Blvd Ste 500, Los Angeles, CA 90049",http://www.downsdental.com,(1 Review),(310) 207-6111
Premier Dental Clinic,"1115 Colorado Blvd, Los Angeles, CA 90041",http://cscla.org,Be the first to review!,(323) 255-4600
Downtown Dental,"255 S Grand Ave Ste 204, Los Angeles, CA 90012",http://bauergalperdentistry.com,(3 Reviews),(213) 863-9464
Airport Center Family Dental,"5304 W Century Blvd, Los Angeles, CA 90045",http://www.westwooddentalcare.com,(1 Review),(310) 215-1455
"David Phillip Downs, DDS","8540 S Sepulveda Blvd Ste 1102, Los Angeles, CA 90045",http://www.aspendental.com/?utm_source=yp&utm_medium=PlatinumListing&utm_term=AllCategories&utm_campaign=MMIYP,(1 Review),(310) 641-6369
China Town Dental Clinic,"633 N Spring St Ste 1, Los Angeles, CA 90012",http://www.goldenstatedentalgroupinc.com,Be the first to review!,(213) 680-8770
"Edward Lew, DMD","767 N Hill St, Los Angeles, CA 90012",http://glendaledentists.net,Be the first to review!,(213) 808-1790
"Edward Lopez, DDS","2716 N Broadway Ste 211, Los Angeles, CA 90031",http://www.drsaidara.com,Be the first to review!,(323) 221-5931
John Bauer DDS,"5670 Wilshire Blvd Ste 1700, Los Angeles, CA 90036",https://www.hddentalcenters.com,Be the first to review!,(323) 933-1990
Westwood Dental Care,"10921 Wilshire Blvd Ste 501, Los Angeles, CA 90024",http://www.drtabboyle.com,(2 Reviews),(310) 208-8551
Samet Dental Corp,"5877 S Vermont Ave, Los Angeles, CA 90044",http://avdentist.com,(1 Review),(323) 759-1523
Devang M Gandhi DDS,"2500 W Florence Ave, Los Angeles, CA 90043",http://panoramagardens.com,(1 Review),(323) 750-2082
Aspen Dental,"1601 N Long Beach Blvd, Compton, CA 90221",http://www.michaelglassdds.com,(10 Reviews),(800) 761-7166
Golden State Dental Group,"247 W Glenoaks Blvd, Glendale, CA 91202",http://www.northridgeendodontics.com,(6 Reviews),(310) 507-7718
"Gregory Van Hale MS, DDS & Cathleen T. Arima, DDS","2030 W Avenue J, Lancaster, CA 93536",http://www.drbandary.com,(11 Reviews),(818) 246-5671
Lancaster Dental Care Assoc,"1745 W Avenue K, Lancaster, CA 93534",http://www.brooksidedentalgroup.com,Be the first to review!,(661) 522-7201
Hi-Desert Dental Center,"44950 Valley Central Way, Lancaster, CA 93536",http://www.goldenoakdentalgroup.com,Be the first to review!,(661) 480-6917
Dr Tab A Boyle,"2508 E Palmdale Blvd, Palmdale, CA 93550",http://www.drdavidalfaro.com,Be the first to review!,(661) 728-1520
Smile Dental Group & Orthdntcs - Albert Zargarian DDS,"9523 Van Nuys Blvd, Panorama City, CA 91402",http://www.drgeorged.com,Be the first to review!,(661) 947-6453
Panorama Family Dentistry,"44563 10th St W, Lancaster, CA 93534",http://www.pacificdental.net,(2 Reviews),(818) 381-4315
Michael L. Glass General Dentistry,"9535 Reseda Blvd, Northridge, CA 91324",http://www.pacificdental.net,Be the first to review!,(661) 268-6450
"Schwarzbach, Louis DMD","6325 Topanga Canyon Blvd, Woodland Hills, CA 91367",http://www.pacificdental.net,(1 Review),(818) 435-6186
"Cyrus Bandary, DMD","720 Brookside Ave, Redlands, CA 92373",https://api.superpages.com/xml/search?SRC=ypintfeed&subaffiliate=DXC&PGID=e02.7182.8182845904523&SPGID=1597161239712.33991b95&ADID=12222675&DEST=http%3A%2F%2Fwww.localdentistry.com%2Fp%2Fsuperpages%2Fbrentwood-dental-group-los-angeles-california2.html&C=Dentists&T=Los%20Angeles&S=CA&PH=(424)%20757-6436&FL=url&TL=off&position=0&PS=1&PI=1&Results=FEED_CLCK&uid=33991b95-77de-436d-9a07-aa9157aab9f8&REF=&IP=103.112.204.110&UserAgent=python-requests%2F2.24.0,(1 Review),(818) 835-2958
Brookside Dental Associate,"23107 Lyons Ave, Newhall, CA 91321",https://api.superpages.com/xml/search?SRC=ypintfeed&subaffiliate=DXC&PGID=e02.7182.8182845904523&SPGID=1597161247258.3c7984e1&ADID=11787223&DEST=http%3A%2F%2Fwww.localdentistry.com%2Fp%2Fsuperpages%2Fwestern-dental-lomita-california2.html&C=Dentists&T=Lomita&S=CA&PH=(310)%20626-1548&FL=url&TL=off&position=0&PS=1&PI=1&Results=FEED_CLCK&uid=3c7984e1-e268-42ea-90be-f75e9cec4e7e&REF=&IP=103.112.204.110&UserAgent=python-requests%2F2.24.0,Be the first to review!,(909) 302-1800
Golden  Oak Dental california,"126 S Glendora Ave Ste 104, West Covina, CA 91790",http://www.drroberttamaki.com,Be the first to review!,(661) 383-0387
"David W. Alfaro, DDS","42544 10th St W Ste A, Lancaster, CA 93534",https://www.smilefixer.net,(1 Review),(626) 671-3358
"George Dracopoulos, DDS, Inc.","37262 47th St E Ste 101, Palmdale, CA 93552",https://www.kevinbarrettdds.com,(7 Reviews),(661) 949-3505
Pacific Dental Care,"39522 10th St W C, Palmdale, CA 93551",http://www.sunsetfamilydentistry.com,(1 Review),(661) 285-8600
Pacific Dental Care,"1790 E Avenue J, Lancaster, CA 93535",https://www.facebook.com/georgelimdmd,Be the first to review!,(661) 267-5700
Pacific Dental Care,"6360 Wilshire Blvd Ste 506, Los Angeles, CA 90048",http://www.laderadentalgroup.com,Be the first to review!,(661) 948-8187
"Frieden, Richard A DDS","42544 10th St W, Lancaster, CA 93534",http://www.westladentalcare.com,(10 Reviews),(323) 655-3854
Dracopoulos George DDS Inc,"11980 San Vicente Blvd Ste 660, Los Angeles, CA 90049",http://www.crenshawdental.com,(1 Review),(661) 949-3505
Brentwood Dental Group,"1929 Pacific Coast Hwy Unit A, Lomita, CA 90717",http://ehisinc.com,Be the first to review!,(424) 757-6436
Western Dental,"8540 S Sepulveda Blvd Ste 810, Los Angeles, CA 90045",http://www.lawilshireperio.com,Be the first to review!,(310) 626-1548
"Dr. Robert B Tamaki, DDS","968 W Vernon Ave, Los Angeles, CA 90037",http://www.professionaldentalcare.net,Be the first to review!,(310) 641-3414
Vernon Family Dental,"11980 San Vicente Blvd Ste 802, Los Angeles, CA 90049",http://www.mosaicfamilydental.com,Be the first to review!,(323) 234-4889
"Kevin Barrett, DDS","2613 W Sunset Blvd, Los Angeles, CA 90026",http://www.pearlysmilela.com,Be the first to review!,(310) 820-4952
Sunset Family Dentistry,"643 W Manchester Ave, Los Angeles, CA 90044",http://ernestnagamatsu.com,Be the first to review!,(213) 484-1845
Children & Adult's Dental Office,"401 S Fairfax Ave, Los Angeles, CA 90036",http://solerdental.com,Be the first to review!,(323) 753-0030
"Lim, George D., DMD","5814 Rodeo Rd, Los Angeles, CA 90016",https://onedentalspecialties.com,Be the first to review!,(323) 951-0814
"Mohammed Navid Mapara, DMD","12340 Santa Monica Blvd Ste 241, Los Angeles, CA 90025",http://www.larootcanaldmd.com,(2 Reviews),(310) 836-7200
West LA Dental,"3015 Crenshaw Blvd, Los Angeles, CA 90016",https://www.hugedomains.com/domain_profile.cfm?d=laudental&e=com,(1 Review),(310) 820-7010
Crenshaw Professional Dental Center,"4905 Hollywood Blvd, Los Angeles, CA 90027",http://www.margaretpauldds.com,Be the first to review!,(323) 731-0801
Kid's Dental Care,"2116 Beverly Blvd, Los Angeles, CA 90057",http://www.myharbordentalcare.com,Be the first to review!,(323) 461-9942
Jose T. Sauz D.d.s,"1612 W Sunset Blvd, Los Angeles, CA 90026",https://www.facebook.com/theculvermarinadentalgroup/?rf=1055725177813686,Be the first to review!,(213) 483-8754
Fernando DR Barreto DDS,"2033 E Florence Ave, Los Angeles, CA 90001",http://orthodonticsforallages.com,Be the first to review!,(213) 250-3767
Edward Lopez,"643 W Manchester Ave, Los Angeles, CA 90044",http://www.culverdelreydentalcenter.com,Be the first to review!,(323) 583-8896
Jabeen Mah Khan DDS Inc,"11905 S Central Ave Ste 203, Los Angeles, CA 90059",http://midcitydentaldds.com,Be the first to review!,(323) 753-0030
Bingham Cheryl DDS,"1127 Wilshire Blvd Ste 812, Los Angeles, CA 90017",http://www.thomasshinmoto.com,Be the first to review!,(323) 564-7504
Leshin Chen DDS,"201 S Alvarado St Ste 402, Los Angeles, CA 90057",https://www.brightnow.com/dentist-near-me/los-angeles-dentist/10720?utm_source=generic&utm_medium=profiles&utm_campaign=local_profiles,Be the first to review!,(213) 481-2699
Professional Dental Care,"2805 S San Pedro St, Los Angeles, CA 90011",http://www.brightnow.com,Be the first to review!,(213) 484-2919
"John Kim, Other","4857 Huntington Dr N, Los Angeles, CA 90032",http://beverlyhillsdentist.com,Be the first to review!,(323) 846-8443
Randy Chen DDS,"5838 Overhill Dr, Los Angeles, CA 90043",http://www.efmaalmariodentistry.com,Be the first to review!,(323) 227-4615
C Beal DR DMD,"10884 Santa Monica Blvd Ste 401, Los Angeles, CA 90025",http://www.miraclemiledentalcenter.com,(1 Review),(323) 292-2505
Dr. Naghmeh Navizadeh,"1655 Hillhurst Ave Ste 101, Los Angeles, CA 90027",http://www.mcqdentaltmj.com,(1 Review),(310) 446-4410
Ernest T Nagamatsu DDS,"5522 N Figueroa St, Los Angeles, CA 90042",http://www.olympicsmiles.com,Be the first to review!,(323) 660-8088
Best Family Dentist,"1803 W Sunset Blvd # 1, Los Angeles, CA 90026",http://www.drjaydds.com,Be the first to review!,(323) 254-2500
"Dr. Bonnie K. Krystal, DDS","3127 Los Feliz Blvd, Los Angeles, CA 90039",http://www.drsilvera.com,Be the first to review!,(213) 484-9063
"Soler, Myriam S Dds","5830 Overhill Dr Ste 1, Los Angeles, CA 90043",http://www.centurycitycosmeticdental.com,(3 Reviews),(323) 662-3179
"Cobb, Rodney L, DDS","3171 Glendale Blvd, Los Angeles, CA 90039",http://brightnow.com,(1 Review),(323) 294-5149
"Mkrtchyan, Silva DDS","3544 W 8th St, Los Angeles, CA 90005",http://midwilshiredentalcare.com,Be the first to review!,(323) 663-3122
Dentistry,"1127 Wilshire Blvd Ste 903, Los Angeles, CA 90017",http://familydentistry.com,Be the first to review!,(213) 381-2828
"Gonzales, Pedro L., DMD","1127 Wilshire Blvd Ste 1608, Los Angeles, CA 90017",http://www.losangelesdentalarts.com,Be the first to review!,(213) 481-1155
"Lau, Calvin S, DDS","1830 W Olympic Blvd Ste 207, Los Angeles, CA 90006",http://www.drtaira.com,Be the first to review!,(213) 481-1100
Juarez Dental Studio,"2655 W Olympic Blvd Ste 201, Los Angeles, CA 90006",http://www.arnoldrifman.com,Be the first to review!,(213) 365-1679
Kings Family Dental,"2860 W Olympic Blvd, Los Angeles, CA 90006",http://smileart.com,Be the first to review!,(213) 383-7878
"Oh, Heung Jo, DDS","3421 W 8th St Ste 1, Los Angeles, CA 90005",http://www.playawestdental.com,Be the first to review!,(213) 382-8205
Bum-Shik Choi DDS,"4201 Wilshire Blvd Ste 112, Los Angeles, CA 90010",http://www.gilbertkingdds.com,Be the first to review!,(213) 381-1112
Harbor Dental Care,"8673 W Pico Blvd, Los Angeles, CA 90035",http://happydentist.net,Be the first to review!,(323) 938-6660
Stanley S Keys DDS,"1618 Westwood Blvd, Los Angeles, CA 90024",https://smilesinlosangeles.com,Be the first to review!,(310) 275-4887
"Soleiman, Bobby, DDS","11980 San Vicente Blvd Ste 503, Los Angeles, CA 90049",http://www.mpbernardodental.com,Be the first to review!,(818) 389-7288
"Tsay, Rick C, DDS","12756 W Washington Blvd, Los Angeles, CA 90066",http://lakidsdentist.com,Be the first to review!,(310) 820-6691
Culver Marina Dental Group,"420 Ord St Suite 102-a, Los Angeles, CA 90012",http://www.californiasmilemaker.com,Be the first to review!,(310) 822-6066
"Bernard Koo, DDS","3015 Crenshaw Blvd, Los Angeles, CA 90016",http://www.beverlydrivedentalcare.com,Be the first to review!,(213) 617-0136
"Black, James DDS","8540 S Sepulveda Blvd, Los Angeles, CA 90045",http://www.harrison-hendersondentistry.com,(1 Review),(323) 731-0801
Park Jun DDS,"12202 W Washington Blvd, Los Angeles, CA 90066",http://www.cynthiadds.com,Be the first to review!,(310) 338-9499
"Paul B Palmer, DDS","5114 Venice Blvd, Los Angeles, CA 90019",http://www.westsideladentist.com,Be the first to review!,(310) 915-9797
"Ana Guevara, Other","800 W 1st St, Los Angeles, CA 90012",http://pedcenter.org,Be the first to review!,(323) 634-9333
Shinmoto Thomas H DDS,"8611 S Sepulveda Blvd, Los Angeles, CA 90045",http://garymanukyandds.com,(2 Reviews),(213) 617-2344
Bright Now! Dental,"3214 N Broadway, Los Angeles, CA 90031",http://www.lamakeoverdentist.com,Be the first to review!,(310) 846-0172
Guarin Adelaida,"1155 N Vermont Ave Ste 100, Los Angeles, CA 90029",http://www.westcoastdental.com,Be the first to review!,(323) 225-1085
Newport Dental,"9911 W Pico Blvd, Los Angeles, CA 90035",http://www.smilewestchester.com,Be the first to review!,(323) 660-8111
Hanam-Jahr Jamielynn,"2525 E 1st St, Los Angeles, CA 90033",http://www.smilewestchester.com,Be the first to review!,(310) 276-2088
"Norma E Ordonez, DDS","3231 N Broadway, Los Angeles, CA 90031",http://www.dentistry-beverly-hills.com,Be the first to review!,(323) 265-3933
"Hartanto Lawrence Justin, DDS","1655 Hillhurst Ave Ste 103, Los Angeles, CA 90027",http://www.lasmilecare.com,Be the first to review!,(323) 221-6090
Efma Almario DDS A Professional Dental Corp,"5455 Wilshire Blvd Ste 850, Los Angeles, CA 90036",http://www.mygentledentalcenter.com,Be the first to review!,(323) 644-2676
Miracle Mile Comprehensive Dental Center,"8704 W Pico Blvd, Los Angeles, CA 90035",http://drleedentistry.com,Be the first to review!,(323) 930-4600
Sinai Family Dentistry,"9911 W Pico Blvd # 1500, Los Angeles, CA 90035",http://www.implantcenters.com,(2 Reviews),(310) 854-6565
"Martin I Rotman, DDS","11500 W Olympic Blvd Ste 508, Los Angeles, CA 90064",http://www.southbaysmiles.com,Be the first to review!,(310) 843-0909
"Davis Famili, DDS","11980 San Vicente Blvd Ste 507, Los Angeles, CA 90049",http://www.topimplantcenter.com,Be the first to review!,(310) 477-7744
Grossman Jay S DDS Inc,"2080 Century Park E Ste 1003, Los Angeles, CA 90067",http://www.superkidsdental.net,Be the first to review!,(310) 820-0123
A Silvera Dental Practice,"2080 Century Park E Ste 909, Los Angeles, CA 90067",http://www.westwoodfamilydental.com,Be the first to review!,(310) 553-2828
"Dr. Sherri Scott, DDS","633 S Atlantic Blvd, Los Angeles, CA 90022",http://dtla-dentist.com,Be the first to review!,(310) 494-7273
Bright Now Dental,"6200 Wilshire Blvd, Los Angeles, CA 90048",http://www.altamed.org,Be the first to review!,(888) 274-4486
"Stillman, Yan, DDS","10673 W Pico Blvd, Los Angeles, CA 90064",http://mcfamilydental.com,Be the first to review!,(323) 525-1819
Vaysleyb Gregory DDS,"8540 S Sepulveda Blvd Ste 918, Los Angeles, CA 90045",http://www.leimertdental.com,Be the first to review!,(310) 474-1800
"Los Angeles Dental Arts: Theodore Burnett, DDS","8731 La Tijera Blvd, Los Angeles, CA 90045",http://www.mendelovitzdds.com,Be the first to review!,(424) 266-8508
Taira Mark I,"2407 N Broadway, Los Angeles, CA 90031",http://www.josephaelmassiandds.com,Be the first to review!,(310) 645-2448
Arturo Ibarra DDS,"2621 E 1st St, Los Angeles, CA 90033",http://www.smilefixer.com,Be the first to review!,(323) 221-3165
"Mikio M Tochioka, DDS","2511 S Central Ave, Los Angeles, CA 90011",http://www.greatsmilesofla.com,Be the first to review!,(323) 268-9386
Nguyen Lisa DDS,"6234 Fountain Ave, Los Angeles, CA 90028",http://dentists.usc.edu,(1 Review),(213) 763-2510
Arnold Rifman DDS,"1650 Westwood Blvd, Los Angeles, CA 90024",http://www.gellerdentistry.com,(1 Review),(323) 466-2937
Smile Art Communications,"8501 Lincoln Blvd, Los Angeles, CA 90045",http://aplusdentistryla.com,Be the first to review!,(610) 649-0696
"Lance Arthur Sherman, DDS","3940 Beverly Blvd, Los Angeles, CA 90004",http://www.drjoven.com,Be the first to review!,(310) 670-1175
Marissa Lagusay-Templo DDS,"4977 Huntington Dr N, Los Angeles, CA 90032",http://www.anthonyhansen.net,Be the first to review!,(213) 384-5902
"Dr. Hirenkumar H Patel, DDS","2105 Beverly Blvd, Los Angeles, CA 90057",https://cchccenters.org,Be the first to review!,(323) 222-7198
Uy Kim a DDS,"646 N Larchmont Blvd, Los Angeles, CA 90004",http://www.drharmandarian.com,(7 Reviews),(213) 413-1163
"Gilbert L King, DDS","3400 S La Brea Ave, Los Angeles, CA 90016",http://roxburydentalgroup.com,(6 Reviews),(323) 464-8677
La Brea Family Dental Practice,"6200 Wilshire Blvd Ste 1606, Los Angeles, CA 90048",http://www.visiondental.com,(2 Reviews),(323) 734-2284
Mehrdad Makhani DDS,"1127 Wilshire Blvd Ste 509, Los Angeles, CA 90017",http://www.joerodriguezdds.com,(1 Review),(323) 933-7744
Silva A Arejian DDS,"4331 W Sunset Blvd, Los Angeles, CA 90029",http://www.drbruceedwardking.com,Be the first to review!,(213) 481-2080
Maria Pilar Bernardo DDS,"10921 Wilshire Blvd Ste 904, Los Angeles, CA 90024",http://www.westlakidzsmiles.com,Be the first to review!,(323) 660-2011
"Afar, Bijan, DDS","10231 Santa Monica Blvd, Los Angeles, CA 90067",http://www.drschlang.com/#8GDklw,Be the first to review!,(310) 824-2624
Robbins Hila DMD Inc.,"6333 Wilshire Blvd Ste 300, Los Angeles, CA 90048",http://www.pursuitdds.com,Be the first to review!,(310) 552-4864
Katerina Kleinova DDS,"1125 S Beverly Dr Ste 750B, Los Angeles, CA 90035",http://www.dentalogicsusa.com,Be the first to review!,(323) 653-6672
Beverly Drive Dental Care,"11980 San Vicente Blvd Ste 918, Los Angeles, CA 90049",https://www.dentalprossmiles.com?y_source=1_mte2mduwnzetntuzlwxvy2f0aw9ulndlynnpdgu%3d,Be the first to review!,(310) 277-7645
William D Harrison Inc,"2926 E Cesar E Chavez Ave, Los Angeles, CA 90033",http://www.clinicamedicabelleza.com,Be the first to review!,(310) 826-6535
Mehrtaj Dabiri Dental Corp,"132 S Vermont Ave Ste 210, Los Angeles, CA 90004",https://www.dentalprossmiles.com?y_source=1_mte2mduwnzetntuzlwxvy2f0aw9ulndlynnpdgu%3d,Be the first to review!,(323) 266-6789
Sonia Khullar DDS,"5618 N Figueroa St, Los Angeles, CA 90042",http://www.juliusrjonesdds.com,Be the first to review!,(213) 389-2625
V Vasquez Isabellita DDS,"4126 Crenshaw Blvd, Los Angeles, CA 90008",http://www.modernagedentistry.com,(7 Reviews),(323) 254-6108
"Galvez, Gilberta L, DDS","426 S San Vicente Blvd, Los Angeles, CA 90048",http://www.playavistaorthodontics.com,Be the first to review!,(323) 294-9600
"Gonzalez, Val V, DMD","1964 Westwood Blvd Ste 215, Los Angeles, CA 90025",https://www.centerforholisticdentistry.com,Be the first to review!,(310) 360-0767
"Cynthia C Cheung, DDS","12331 1/4 W Washington Blvd, Los Angeles, CA 90066",http://www.cosmodentistryca.com,Be the first to review!,(310) 470-7200
"Natalie, Khadavi, D.D.S.","1530 S Olive St, Los Angeles, CA 90015",https://generaldentistry.xyz/Central-LA,Be the first to review!,(310) 482-3971
"John C Pham, DMD","1530 S Olive St, Los Angeles, CA 90015",http://www.nomileedds.com,(10 Reviews),(213) 747-5542
"Su, Alice, DDS","11980 San Vicente Blvd Ste 600, Los Angeles, CA 90049",http://smilela.com,(8 Reviews),(213) 746-1037
"Gary H Salenger, DDS","Los Angeles, CA 90027",http://www.smilela.com,(7 Reviews),(310) 826-8321
Gary Manukyan DDS,"11511 W Washington Blvd, Los Angeles, CA 90066",http://dentalhealing.com,(3 Reviews),(323) 543-0043
Meir Agaki Dds Inc,"1127 Wilshire Blvd Ste 1500, Los Angeles, CA 90017",https://www.toothshopla.com/?y_source=1_MTA4OTkwOTEtNTUzLWxvY2F0aW9uLndlYnNpdGU%3D,(3 Reviews),(310) 398-6161
"Heidi H Park, DDS","5162 Whittier Blvd, Los Angeles, CA 90022",http://queenscare.org,(3 Reviews),(213) 446-4207
West Coast Dental,"8540 S Sepulveda Blvd Ste 710, Los Angeles, CA 90045",https://healthy.kaiserpermanente.org/health/poc?uri=my-doctor:dynamic&id=8703094&kpSearch=,(4 Reviews),(323) 415-6161
"Christie R. Burnett, DDS","8540 S Sepulveda Blvd Ste 710, Los Angeles, CA 90045",http://lacosmeticdentists.com,(4 Reviews),(310) 216-5754
"Deepa Sreenivasan, DDS, MS","5757 Wilshire Blvd, Los Angeles, CA 90036",http://www.besteastlosangelesdentist.com,(6 Reviews),(310) 216-5754
"Mohammad M Khalifeh, DDS","8158 Beverly Blvd, Los Angeles, CA 90048",http://www.drdanspediatricdentistry.com,(2 Reviews),(323) 933-3855
"Mark S Treystman, DDS","2914 Sawtelle Blvd, Los Angeles, CA 90064",https://dentalclinicnearme.xyz/East-Los-Angeles-CA,(2 Reviews),(323) 653-5484
Sawtelle Dental Office,"3311 Glendale Blvd, Los Angeles, CA 90039",https://smiledental.xyz/Los-Angeles-CA,(2 Reviews),(310) 575-0886
Gentle Dental Center,"104 W 7th St, Los Angeles, CA 90014",https://generaldentistry.xyz/Los-Angeles-CA,(2 Reviews),(323) 665-7665
Joon Y Lee DDS,"4301 N Figueroa St, Los Angeles, CA 90065",http://www.monicabrucedds.com,(2 Reviews),(213) 688-2828
Implant Centers,"8540 S Sepulveda Blvd Ste 808, Los Angeles, CA 90045",https://dentistoffice.xyz/Naples-FL,(2 Reviews),(800) 947-2195
Matthew S Bradley DS,"2707 W Olympic Blvd Ste 202, Los Angeles, CA 90006",http://childrensdentalfunzone.com,(2 Reviews),(310) 670-0659
Top Wt Implant Center,"414 S Western Ave Ste A, Los Angeles, CA 90020",http://www.besteastlosangelesdentist.com,(3 Reviews),(213) 382-4336
Penn Dental Center,"6200 Wilshire Blvd Ste 1210, Los Angeles, CA 90048",http://tsolakyan.com,(4 Reviews),(213) 384-2288
Los Angeles Flooring Pro,"7791 W Sunset Blvd, Los Angeles, CA 90046",https://www.abritersmile.com,(1 Review),(323) 476-1995
"Inna Sherr, DDS","2323 E 4th St, Los Angeles, CA 90033",http://www.drdanspediatricdentistry.com,(1 Review),(323) 850-5906
Super Kids Dental,"2180 Westwood Blvd Ste 2d, Los Angeles, CA 90025",https://www.westerndental.com/en-us/find-a-location/california/los-angeles/3015-crenshaw-blvd,(1 Review),(323) 980-9090
"Katherine Toubian, DDS","404 S Figueroa St Ste 207, Los Angeles, CA 90071",https://dentalclinicnearme.xyz/East-Los-Angeles-CA,(1 Review),(310) 441-8888
River Dentistry,"3945 Whittier Blvd, Los Angeles, CA 90023",https://smiledental.xyz/Los-Angeles-CA,(1 Review),(213) 486-0006
"Janet Maria Arias, DDS","956 N Western Ave, Los Angeles, CA 90029",https://generaldentistry.xyz/Los-Angeles-CA,(1 Review),(323) 265-1998
Mc Family Dental Office,"3991 S Western Ave Ste. 7, Los Angeles, CA 90062",http://childrensdentalfunzone.com,(1 Review),(323) 462-0655
Leimert Dental,"100 Ucla Medical Plz Ste 445, Los Angeles, CA 90024",http://www.monicabrucedds.com,(1 Review),(323) 299-9642
Philip O Mendelovitz DDS,"523 W 6th St Ste 201, Los Angeles, CA 90014",https://www.westerndental.com/en-us/find-a-location/california/eagle-rock/2700-colorado-blvd-suite-263,(1 Review),(310) 208-1161
Joseph A Elmassian DDS,"1127 Wilshire Blvd Ste 1116, Los Angeles, CA 90017",https://dentistoffice.xyz/Naples-FL,(1 Review),(213) 627-9700
Dental Esthetics Center,"1800 W 6th St Ste 2, Los Angeles, CA 90057",http://www.beverlyhillsoralsurgerycenter.com,(1 Review),(213) 250-7821
Soleyman Makabi Dds,"1860 Glendale Blvd, Los Angeles, CA 90026",http://childrensdentalfunzone.com,(1 Review),(213) 413-0120
Dr Valdez Family Dentistry,"1299 W Jefferson Blvd, Los Angeles, CA 90007",https://childrensdentalfunzone.com,(1 Review),(323) 953-8762
Dental,"907 N Virgil Ave, Los Angeles, CA 90029",https://dentistofficenearme.xyz/Enola-AR,(1 Review),(213) 441-7194
Ramin Tour DDS,"4301 N Figueroa St, Los Angeles, CA 90065",https://generaldentistry.xyz/Sumner-WA,(1 Review),(323) 661-8384
Mir Dental Corp,"402 N Larchmont Blvd, Los Angeles, CA 90004",http://www.saintgeorgedentalspa.com,(1 Review),(323) 223-1517
Geller Dentistry,"2706 W Jefferson Blvd, Los Angeles, CA 90018",http://ladentist.com,(1 Review),(323) 467-1472
Smile La Dental,"5670 Wilshire Blvd Ste 1710, Los Angeles, CA 90036",http://www.marvizicosmeticdentist.com,(1 Review),(323) 734-9333
"Robert Leo Jelicich, DDS","3756 Santa Rosalia Dr Ste 517, Los Angeles, CA 90008",https://www.doctorhernandez.com,(1 Review),(323) 930-2386
"Onugha Uka, Ndidi, DDS","2251 Colorado Blvd, Los Angeles, CA 90041",https://dthompsondds.com,(1 Review),(323) 298-7992
Drjoven Fam Dentist,"5757 Wilshire Blvd Ste 350, Los Angeles, CA 90036",http://personaldentaloffice.com,(1 Review),(323) 259-3118
Anthony Milanez DDS,"1704 Colorado Blvd, Los Angeles, CA 90041",https://smilestartla.com,(1 Review),(323) 931-9019
Comprehensive Community Health Centers,"1704 Colorado Blvd, Los Angeles, CA 90041",http://www.lavitadentalspa.com,(1 Review),(323) 256-4116
Anna Harmandarian,"1609 Colorado Blvd, Los Angeles, CA 90041",http://www.geraldnaftalindds.com,(1 Review),(323) 256-4116
Anna Harmandarian Family Dentistry,"6221 Wilshire Blvd Ste 212, Los Angeles, CA 90048",http://www.suzannehaeridds.com,(1 Review),(323) 474-6212
V & H Dental Studio,"9911 W Pico Blvd # 970, Los Angeles, CA 90035",http://www.bluepearldentistry.com,(1 Review),(323) 857-5525
"Omer O Suleimanagich, DDS","10505 W Pico Blvd, Los Angeles, CA 90064",http://www.beverlywooddental.com,(1 Review),(310) 553-8188
Lindsay Costantino,"2355 Westwood Blvd # 718, Los Angeles, CA 90064",http://www.mivipsurgery.com,(1 Review),(310) 475-0617
"Lauren R. Friedman, DDS","10700 Santa Monica Blvd Ste 140, Los Angeles, CA 90025",http://www.hppydds.com,(1 Review),(310) 418-7788
Vision Dental,"8930 S Sepulveda Blvd Ste 210, Los Angeles, CA 90045",http://www.delightmedical.com,(1 Review),(310) 470-6121
Albert Joe Rodriguez DDS,"3791 S Centinela Ave, Los Angeles, CA 90066",http://www.drsilvera.com,(1 Review),(310) 670-0902
Happy Teeth,"11500 W Olympic Blvd Ste 370, Los Angeles, CA 90064",http://www.katzdentalgroup.com,(1 Review),(310) 391-0699
"Egle T. Lesniauskas, DDS","11645 Wilshire Blvd, Los Angeles, CA 90025",http://carlstondentalgroup.com,(1 Review),(310) 268-1292
Schlang David P DDS,"8729 1/2 La Tijera Blvd, Los Angeles, CA 90045",https://www.pashadentalgroup.com,(1 Review),(310) 477-2488
"Dr. Craig C Pursuit, DDS","11611 San Vicente Blvd, Los Angeles, CA 90049",http://pashadentalgroup.com,(1 Review),(310) 670-2646
Dentalogics,"1656 Wilshire Blvd, Los Angeles, CA 90017",http://www.airportcenterfamilydental.com/our-practice,(1 Review),(310) 826-8260
Shagramanova Natalya DDS Inc,"975 S Vermont Ave, Los Angeles, CA 90006",http://www.smilelosangeles.com,(1 Review),(213) 484-5050
Dental Office,"4863 Eagle Rock Blvd, Los Angeles, CA 90041",https://dentistnearme.xyz/Westchester-CA,(1 Review),(213) 383-2466
"Gloriana Co Ting Keh Villago, DDS","1018 1/2 N Vermont Ave, Los Angeles, CA 90029",https://www.droralsurgery.com/contact-us/los-angeles-office,(1 Review),(323) 258-3333
Dental Pros,"1498 W Sunset Blvd Ste 4, Los Angeles, CA 90026",http://vatandentalgroup.com,(1 Review),(323) 953-7700
Biyan Yang Dntst,"2033 W 7th St Ste 3, Los Angeles, CA 90057",http://www.brosenbergdds.com,Be the first to review!,(213) 481-2700
Samaritana Medical Clinic,"1018 1/2 N Vermont Ave, Los Angeles, CA 90029",http://www.westwooddentalesthetics.com,Be the first to review!,(213) 484-2288
Dental Pros,"5563 W Pico Blvd, Los Angeles, CA 90019",http://drkathydmd.com,Be the first to review!,(323) 953-7700
"Julius R Jones, DDS","3151 Glendale Blvd, Los Angeles, CA 90039",http://www.miranidds.com,Be the first to review!,(323) 938-4136
Modern Age Dentistry,"8540 S Sepulveda Blvd, Ste 700, Los Angeles, CA 90045",http://westwooddentist.net,Be the first to review!,(424) 307-5853
Courtney Ray Mittelmark,"12381 Wilshire Boulevard, Suite 103, Los Angeles, CA 90025",http://www.lotusfamilydentist.com,Be the first to review!,(310) 216-0101
Center for Holistic Dentistry,"6360 Wilshire Blvd Ste 506, Los Angeles, CA 90048",https://bestdentistnearme.xyz/Playa-Vista-CA,Be the first to review!,(310) 340-0153
"Frieden, Richard A DDS","12655 W Washington Blvd, Los Angeles, CA 90066",https://drvaleriekanter.com,Be the first to review!,(323) 655-3854
Burian Joseph A DDS,"12113 Santa Monica Blvd Ste 204, Los Angeles, CA 90025",http://woodside-dental.com,Be the first to review!,(310) 398-9012
"Steve Bolur, DDS/Cosmo Dentistry","317 S Broadway, Los Angeles, CA 90013",http://www.wladentalcenter.com,Be the first to review!,(310) 571-3000
"Affordable Dentists in Central, LA","701 N Spring St Suite 11, Los Angeles, CA 90012",https://www.swissqualitysmile.com,Be the first to review!,(225) 500-4610
"Dr. Nomi Lee, DDS","523 W 6th St Ste 202, Los Angeles, CA 90014",http://www.westwooddentalcare.com,Be the first to review!,(951) 845-4557
Kourosh Yousefzadeh DDS,"523 W 6th St, Los Angeles, CA 90014",https://emergencydentalcare.xyz/Los-Angeles-CA,Be the first to review!,(213) 336-8478
Smile LA Downtown Modern Dentistry,"1127 Wilshire Blvd. Suite 908, Los Angeles, CA 90017",http://www.tridentdentistry.com,Be the first to review!,(213) 627-5895
Chester L Yokoyama DDS - Dental Healing,"1050 S Grand Ave Unit 2, Los Angeles, CA 90015",http://www.gidedental.com,Be the first to review!,(213) 484-2625
Tooth Shop Dentistry,"4618 Fountain Ave Ste 102, Los Angeles, CA 90029",https://www.elegantdental.com,Be the first to review!,(213) 568-0008
Queens Care Family Clinics,"4900 W Sunset Blvd, Los Angeles, CA 90027",http://www.elegantdental.com,Be the first to review!,(323) 953-7170
"Pham, Dieu Q, DDS","550 N Larchmont Blvd Ste 103, Los Angeles, CA 90004",http://www.javaherdds.com,Be the first to review!,(323) 783-4011
Marjan Mohammadi DDS,"4975 Whittier Blvd, Los Angeles, CA 90022",http://www.drjaydds.com,Be the first to review!,(323) 962-6000
Ramin Assili-Damavandi,"5001 Wilshire Blvd Ste 209, Los Angeles, CA 90036",http://www.doctorgabi.com,Be the first to review!,(323) 263-2125
Klein Daniel DDS,"5300 E Olympic Blvd, Los Angeles, CA 90022",http://www.drjaydds.com,Be the first to review!,(323) 471-4250
Affordable Dentists in East Los Angeles,"6207 Vermont Ave, Los Angeles, CA 90044",https://dentistofficenearme.xyz/Los-Angeles-CA,Be the first to review!,(323) 618-6699
"Dentistas Hispanos in Los Angeles, CA","1600 W Slauson Ave, Los Angeles, CA 90047",https://smiledental.xyz/North-Hollywood-CA,Be the first to review!,(844) 500-8257
"Affordable Dental in Los Angeles, CA","3756 Santa Rosalia Dr Ste 204, Los Angeles, CA 90008",https://dentistofficenearme.xyz/Valley-Village-CA,Be the first to review!,(213) 320-3432
"The Smiling Dentist: Monica Bruce, D.D.S.","5757 Wilshire Blvd, Los Angeles, CA 90036",https://familydentistry.xyz/North-Hollywood-CA,Be the first to review!,(323) 296-9007
Dentist Office in Naples FL,"2455 Colorado Blvd Ste 16, Los Angeles, CA 90041",https://dentalclinicnearme.xyz/Van-Nuys-CA,Be the first to review!,(239) 345-4126
Fariborz Rodef,"2455 Colorado Blvd Ste 16, Los Angeles, CA 90041",https://dentistofficenearme.xyz/North-Hills-CA,Be the first to review!,(323) 255-9663
"Wayman Chan, DDS","2455 Colorado Blvd Ste 16, Los Angeles, CA 90041",https://dentistnearme.xyz/Tarzana-CA,Be the first to review!,(323) 255-9663
"Edmond Yaghoubi , DDS","2455 Colorado Blvd Ste 16, Los Angeles, CA 90041",https://dentistoffice.xyz/Tarzana-CA,Be the first to review!,(323) 255-9663
"Ali Manouchehri , DDS","2455 Colorado Blvd Ste 16, Los Angeles, CA 90041",https://emergencydentalcare.xyz/Tarzana-CA,Be the first to review!,(323) 255-9663
"Miriam Razi , DDS","2455 Colorado Blvd Ste 16, Los Angeles, CA 90041",https://dentalclinicnearme.xyz/Porter-Ranch-CA,Be the first to review!,(323) 255-9663
"Weiling Hung, DDS","4975 Whittier Blvd, Los Angeles, CA 90022",https://familydentistry.xyz/Canoga-Park-CA,Be the first to review!,(323) 255-9663
Ramin Assili-Damavandi,"3161 Los Feliz Blvd, Los Angeles, CA 90039",https://smiledental.xyz/Porter-Ranch-CA,Be the first to review!,(323) 263-2125
Aram Tsolakyan DDS,"4905 York Blvd, Los Angeles, CA 90042",https://emergencydentalcare.xyz/Porter-Ranch-CA,Be the first to review!,(323) 663-2606
A Briter Smile,"5001 Wilshire Blvd Ste 209, Los Angeles, CA 90036",http://happysmileforall.com,Be the first to review!,(323) 255-8774
Klein Daniel DDS,"3015 Crenshaw Blvd, Los Angeles, CA 90016",http://www.downtowndentalla.com,Be the first to review!,(323) 471-4250
Western Dental Kids,"5300 E Olympic Blvd, Los Angeles, CA 90022",http://www.smilesbydrp.com,Be the first to review!,(323) 733-0969
Affordable Dentists in East Los Angeles,"6207 Vermont Ave, Los Angeles, CA 90044",http://www.drsilviakasparian.com,Be the first to review!,(323) 618-6699
"Dentistas Hispanos in Los Angeles, CA","1600 W Slauson Ave, Los Angeles, CA 90047",http://www.geachdental.com?utm_source=vanadium&utm_medium=citations&utm_campaign=googlelocal,Be the first to review!,(844) 500-8257
"Affordable Dental in Los Angeles, CA","3736 Crenshaw Blvd, Los Angeles, CA 90016",http://www.drsilviakasparian.com,Be the first to review!,(213) 320-3432
Children's Dental FunZone - Crenshaw,"3756 Santa Rosalia Dr Ste 204, Los Angeles, CA 90008",,Be the first to review!,(323) 815-9565
"The Smiling Dentist: Monica Bruce, D.D.S.","2700 Colorado Blvd, Los Angeles, CA 90041",,Be the first to review!,(323) 296-9007
Western Dental Kids,"5757 Wilshire Blvd, Los Angeles, CA 90036",,Be the first to review!,(323) 987-2175
Dentist Office in Naples FL,"5757 Wilshire Blvd, Los Angeles, CA 90036",,Be the first to review!,(239) 345-4126
"Parvaz Farnad Mizrahi, DDS, MPH, FICD","2455 Colorado Blvd Ste 16, Los Angeles, CA 90041",,Be the first to review!,(310) 652-6491
Fariborz Rodef,"2455 Colorado Blvd Ste 16, Los Angeles, CA 90041",,Be the first to review!,(323) 255-9663
"Edmond Yaghoubi , DDS","2455 Colorado Blvd Ste 16, Los Angeles, CA 90041",,Be the first to review!,(323) 255-9663
"Wayman Chan, DDS","2455 Colorado Blvd Ste 16, Los Angeles, CA 90041",,Be the first to review!,(323) 255-9663
"Ali Manouchehri , DDS","2455 Colorado Blvd Ste 16, Los Angeles, CA 90041",,Be the first to review!,(323) 255-9663
"Miriam Razi , DDS","2455 Colorado Blvd Ste 16, Los Angeles, CA 90041",,Be the first to review!,(323) 255-9663
"Weiling Hung, DDS","2455 Colorado Blvd Ste 16, Los Angeles, CA 90041",,Be the first to review!,(323) 255-9663
Children's Dental FunZone - Eagle Rock,"2455 Colorado Blvd Ste 16, Los Angeles, CA 90041",,Be the first to review!,(323) 255-9663
"Talin Janjik , DDS","1115 Colorado Blvd, Los Angeles, CA 90041",,Be the first to review!,(323) 255-9663
"Rene A Der Gregorian, D.M.D.","7561 Melrose Ave, Los Angeles, CA 90046",,Be the first to review!,(323) 257-4000
Dental Clinic in Enola AR,"7561 Melrose Ave, Los Angeles, CA 90046",,Be the first to review!,(501) 530-8516
General Dentistry in Sumner WA,"7260 W Sunset Blvd Ste 201, Los Angeles, CA 90046",,Be the first to review!,(253) 793-0686
St. George Dental & Medical Spa,"6200 Wilshire Blvd Ste 1609, Los Angeles, CA 90048",,Be the first to review!,(323) 430-9605
Igal Elyassi,"6200 Wilshire Blvd Ste 1110, Los Angeles, CA 90048",,Be the first to review!,(323) 937-5773
Joseph Marvizi DDS,"6221 Wilshire Blvd Ste 310, Los Angeles, CA 90048",,Be the first to review!,(323) 931-3881
"James Hernandez, DDS","6221 Wilshire Blvd Ste 303, Los Angeles, CA 90048",,Be the first to review!,(310) 657-3100
Derrick Thompson DDS,"6222 Wilshire Blvd Ste 103, Los Angeles, CA 90048",,Be the first to review!,(310) 479-4432
"Nelson, Mark S, DDS","7938 W 3rd St, Los Angeles, CA 90048",,Be the first to review!,(323) 933-4444
Smile Start,"6333 Wilshire Blvd, Los Angeles, CA 90048",,Be the first to review!,(310) 683-5318
Lavita Dental Spa,"6310 San Vicente Blvd, Los Angeles, CA 90048",,Be the first to review!,(323) 648-0001
"Naftalin, Gerald L, DDS","1100 S La Cienega Blvd, Los Angeles, CA 90035",,Be the first to review!,(310) 553-3260
"Suzanne Haeri DDS, Cosmetic & General Dentistry","1080 S La Cienega Blvd Ste 206, Los Angeles, CA 90035",,Be the first to review!,(310) 657-2200
"Dr. Robert S. Huang, DDS","8525 W Pico Blvd, Los Angeles, CA 90035",,Be the first to review!,(424) 204-8969
"Edmond Yaghoubi , DDS","8525 W Pico Blvd, Los Angeles, CA 90035",,Be the first to review!,(424) 274-3260
"Miriam Razi , DDS","8525 W Pico Blvd, Los Angeles, CA 90035",,Be the first to review!,(424) 274-3260
"Fariborz Rodef , DDS","8525 W Pico Blvd, Los Angeles, CA 90035",,Be the first to review!,(424) 274-3260
"Wayman Chan, DDS","8525 W Pico Blvd, Los Angeles, CA 90035",,Be the first to review!,(424) 274-3260
"Talin Janjik , DDS","8525 W Pico Blvd, Los Angeles, CA 90035",,Be the first to review!,(424) 274-3260
"Ali Manouchehri , DDS","8525 W Pico Blvd, Los Angeles, CA 90035",,Be the first to review!,(424) 274-3260
"Mohammad Khaknegar, DDS","8525 W Pico Blvd, Los Angeles, CA 90035",,Be the first to review!,(424) 274-3260
"Weiling Hung, DDS","8515 Venice Blvd, Los Angeles, CA 90034",,Be the first to review!,(424) 274-3260
"Yigal Y Prilutsky, DMD","1125 S Beverly Dr Ste 600, Los Angeles, CA 90035",,Be the first to review!,(310) 839-3900
Beverly Hills Dermatology Clinic,"2080 Century Park E Ste 1516, Los Angeles, CA 90067",,Be the first to review!,(310) 286-7447
"Meredith Levine, DDS","2080 Century Park E Ste 509, Los Angeles, CA 90067",,Be the first to review!,(310) 286-3111
Century City Wellness Center,"2080 Century Park E Ste 102, Los Angeles, CA 90067",,Be the first to review!,(310) 550-6886
Century City Primary Care,"10289 W Pico Blvd, Los Angeles, CA 90064",,Be the first to review!,(323) 737-5024
Katz Dental Group,"2472 Overland Ave, Los Angeles, CA 90064",,Be the first to review!,(310) 556-5600
"Carlston, Dean L., D.D.S.","11144 Palms Blvd, Los Angeles, CA 90034",,Be the first to review!,(310) 838-0844
Pasha Dental Group,"11144 Palms Blvd, Los Angeles, CA 90034",,Be the first to review!,(310) 390-2228
"Majd, Nazli, DDS","5304 W Century Blvd, Los Angeles, CA 90045",,Be the first to review!,(310) 390-2228
"Sabet, Joseph, DDS","2990 S Sepulveda Blvd Ste 204, Los Angeles, CA 90064",,Be the first to review!,(310) 215-1455
"Dr. Leslie L Latner, DDS","8611 Truxton Ave, Los Angeles, CA 90045",,Be the first to review!,(310) 477-1081
"Affordable Dentists in Westchester, CA","6240 W Manchester Ave, Los Angeles, CA 90045",,Be the first to review!,(855) 791-1354
Southern California Oral & Maxillofacial Surgical Arts,"8540 S Sepulveda Blvd Ste 108, Los Angeles, CA 90045",,Be the first to review!,(310) 670-0220
Vatan Dental Group,"8540 S Sepulveda Blvd, Los Angeles, CA 90045",,Be the first to review!,(310) 676-2922
"Rosenberg, Benjamin DDS","1964 Westwood Blvd Ste 250, Los Angeles, CA 90025",,Be the first to review!,(310) 649-2430
"Westwood Dental Esthetics: Kaivan Kiai, DDS","6609 W 80th St, Los Angeles, CA 90045",,Be the first to review!,(310) 475-1667
Kathy Kaprinyak DDS,"10884 Santa Monica Blvd, Los Angeles, CA 90025",,Be the first to review!,(310) 670-4466
Mirani Marjan Dds,"1762 Westwood Blvd, Los Angeles, CA 90024",,Be the first to review!,(310) 475-6363
"Dr. Sandra S Shakibkhoo, DDS","1743 Westwood Blvd, Los Angeles, CA 90024",,Be the first to review!,(310) 474-3765
Lotus Family Dental,"12775 Millennium Dr #160, Los Angeles, CA 90094",,Be the first to review!,(310) 776-6441
"Local Dentist in Playa Vista, CA","10850 Wilshire Blvd Ste 330, Los Angeles, CA 90024",,Be the first to review!,(323) 618-6699
"Valerie Kanter, DMD","1273 Westwood Blvd, Los Angeles, CA 90024",,Be the first to review!,(424) 341-3028
"Dr. Sheba Mahmoodian, DMD","1950 Sawtelle Blvd Ste 100, Los Angeles, CA 90025",,Be the first to review!,(310) 824-0055
Wla Dental Center,"10921 Wilshire Blvd Ste 1013, Los Angeles, CA 90024",,Be the first to review!,(310) 312-0882
Swiss Quality Smile,"10921 Wilshire Blvd Ste 1101, Los Angeles, CA 90024",,Be the first to review!,(310) 208-3125
Westchester Pediatrics,"10938 Weyburn Ave, Los Angeles, CA 90024",,Be the first to review!,(310) 208-3384
Dental Specialist in Los Angeles CA,"11835 W Olympic Blvd Ste 400e, Los Angeles, CA 90064",,Be the first to review!,(855) 791-1354
Trident Cosmetic and Family Dentistry,"12217 W Pico Blvd, Los Angeles, CA 90064",,Be the first to review!,(310) 444-1445
Gide Global Institute,"12222 Wilshire Blvd Ste 104, Los Angeles, CA 90025",,Be the first to review!,(310) 696-9025
"Hameed Nejatfard, DMD","12222 Wilshire Blvd Ste 104, Los Angeles, CA 90025",,Be the first to review!,(310) 207-6453
"Sally Yousefi, DDS","11980 San Vicente Blvd Ste 901, Los Angeles, CA 90049",,Be the first to review!,(310) 207-6453
"Goli Javaher, DDS","11980 San Vicente Blvd Ste 507, Los Angeles, CA 90049",,Be the first to review!,(310) 994-9702
"Frankie Neman, DDS","11980 San Vicente Blvd Ste 619, Los Angeles, CA 90049",,Be the first to review!,(310) 820-0123
Dentalogics®,"11980 San Vicente Blvd Ste 507, Los Angeles, CA 90049",,Be the first to review!,(310) 819-4728
"Melissa W. Glazer, DDS","1925 Linda Flora Dr, Los Angeles, CA 90077",,Be the first to review!,(310) 820-0123
"Dentist Pico Blvd in Los Angeles, CA","11055 Burbank Blvd, Los Angeles, CA 91601",,Be the first to review!,(424) 334-6525
"Dental Care in North Hollywood, CA","5321 Laurel Canyon Blvd, Los Angeles, CA 91607",,Be the first to review!,(323) 618-6699
"Dental Clinic in Valley Village, CA","6757 Lankershim Blvd, Los Angeles, CA 91606",,Be the first to review!,(818) 338-5091
Family Dentistry in North Hollywood CA,"6633 Van Nuys Blvd, Los Angeles, CA 91405",,Be the first to review!,(844) 612-3162
Dental Land,"15505 Roscoe Blvd, Los Angeles, CA 91343",,Be the first to review!,(323) 618-6699
"Dental Clinic in North Hills, CA","5300 Nestle Ave, Los Angeles, CA 91356",,Be the first to review!,(747) 219-0192
"Affordable Dentists in Tarzana, CA","18511 Ventura Blvd, Los Angeles, CA 91356",,Be the first to review!,(818) 338-5091
"Dental Office in Tarzana, CA","5577 Reseda Blvd, Los Angeles, CA 91356",,Be the first to review!,(818) 338-5091
Affordable Dentists in Tarzana,"18677 Devonshire St, Los Angeles, CA 91324",,Be the first to review!,(818) 338-5091
"Dentist Office in Porter Ranch, CA","7242 Canoga Ave, Los Angeles, CA 91303",,Be the first to review!,(818) 338-5091
"Dental Clinic in Canoga Park, CA","19735 Rinaldi St, Los Angeles, CA 91326",,Be the first to review!,(747) 219-0192
Dentist Office in Porter Ranch,"19821 Rinaldi St, Los Angeles, CA 91326",,Be the first to review!,(747) 219-0192
"Dental Specialist in Porter Ranch, CA","2250 Alcazar St # Csc-240 Usc Inst For Genetic Med, Los Angeles, CA 90089",,Be the first to review!,(747) 219-0192
Noriyuki Kasahara,"1200 N. State St GNH 3900 Joseph H. Boyes Hand Surgery Fellowship, USC, Los Angeles, CA 90033",,Be the first to review!,(323) 442-2099
Vanessa Gabrovsky Cuellar,"201 N Los Angeles St, Los Angeles, CA 90012",,Be the first to review!,(323) 442-8000
Belinda L Balais DMD,"301 W 1st St, Los Angeles, CA 90012",,Be the first to review!,(213) 229-0005
Happy Smile Forall,"420 E 3rd St Ste 702, Los Angeles, CA 90013",,Be the first to review!,(213) 785-8585
"Harold Tetsuro Wakamatsu, DDS","420 E 3rd St, Los Angeles, CA 90013",,Be the first to review!,(213) 626-0561
"Oyama, Jeffrey T, DDS","420 E 3rd St, Los Angeles, CA 90013",,Be the first to review!,(213) 625-7141
Lifetime Dental of Downtown La,"255 S Grand Ave Ste 204, Los Angeles, CA 90012",,Be the first to review!,(213) 625-7141
"Dr. Adonis Ramos Mungcal, DDS","255 S Grand Ave, Los Angeles, CA 90012",,Be the first to review!,(213) 620-5777
Mungcal Don,"255 S Grand Ave, Los Angeles, CA 90012",,Be the first to review!,(213) 620-5777
"Ray, Jason M, DDS","100 S Alameda St, Los Angeles, CA 90012",,Be the first to review!,(213) 863-9464
Ace Dental Inc,"311 Winston St, Los Angeles, CA 90013",,Be the first to review!,(213) 265-7875
"Hann, Michael E, DDS","311 Winston St, Los Angeles, CA 90013",,Be the first to review!,(213) 482-4010
"Cruz, Mainer D, DDS","311 Winston St, Los Angeles, CA 90013",,Be the first to review!,(213) 482-4010
"Mallow, Phillip K, DDS","215 W 5th St Apt 210, Los Angeles, CA 90013",,Be the first to review!,(213) 482-4010
"Roberto Parra, DDS","524 S Spring St, Los Angeles, CA 90013",,Be the first to review!,(213) 625-7575
Zen Dental,"541 S Spring St Unit 221, Los Angeles, CA 90013",,Be the first to review!,(213) 623-1129
"Chirag Patel, DMD","664 W Cesar E Chavez Ave, Los Angeles, CA 90012",,Be the first to review!,(323) 577-3110
Famous Hollywood Dental Care,"525 S Olive St, Los Angeles, CA 90013",,Be the first to review!,(323) 461-4676
Edon Hirt,"525 S Olive St, Los Angeles, CA 90013",,Be the first to review!,(213) 624-3333
Don Solooki,"601 W 5th St Ste 1110, Los Angeles, CA 90071",,Be the first to review!,(213) 624-3333
"Silvia Kasparian, DDS","601 W 5th St Ste 755, Los Angeles, CA 90071",,Be the first to review!,(213) 892-8172
Geach Dental,"601 E 5th St, Los Angeles, CA 90013",,Be the first to review!,(213) 622-3339
"Kasparian, Silvia DDS","522 S San Pedro St, Los Angeles, CA 90013",,Be the first to review!,(213) 892-8172
"Sundaresan, Santosh K, DDS","522 S San Pedro St, Los Angeles, CA 90013",,Be the first to review!,(213) 486-4050
"Adami, Diba, DDS","420 Ord St # 102-a, Los Angeles, CA 90012",,Be the first to review!,(213) 486-4045
"Dr. Timothy T Moy, DDS","545 S San Pedro St, Los Angeles, CA 90013",,,(213) 617-0136
"Laura Kathleen Elizondo, DDS","545 S San Pedro St, Los Angeles, CA 90013",,,(213) 347-6300
"Lowe, Bethany DDS - Bethany Lowe, DDS","333 S Alameda St Ste 213, Los Angeles, CA 90013",,,(213) 347-6300
Half Dental Franchise,,,,(213) 631-2555
